Latitude; Longitude ;Altitude
-22.92099487585689;-46.633308;852.4421997070312
-22.92109030246472;-46.62137965573152;804.8213500976562
-22.92137655362348;-46.60945489404384;830.743896484375
-22.92185354334732;-46.59753729648625;870.8432006835938
-22.922521128354024;-46.58563044254517;868.044677734375
-22.92337910810633;-46.57373790861335;814.4473266601562
-22.924427224869778;-46.561863266959854;802.2666015625
-22.925665163786963;-46.55001008470096;796.2501220703125
-22.927092552968425;-46.53818192277229;808.109130859375
-22.92870896359985;-46.526382334902536;857.1009521484375
-22.93051391006578;-46.51461486658877;835.4366455078125
-22.9325068500897;-46.502883054073855;867.3889770507812
-22.934687184890496;-46.491190423326;985.174072265625
-22.937054259355225;-46.47954048902085;1009.579833984375
-22.93960736222821;-46.467936753526224;826.2512817382812
-22.94234572631633;-46.45638270588993;842.0516967773438
-22.94526852871053;-46.44488182083068;844.7344360351562
-22.94837489102345;-46.433437557732525;841.00537109375
-22.95166387964316;-46.42205335964298;1046.672241210938
-22.95513450600284;-46.41073265227513;948.83447265625
-22.95878572686651;-46.39947884301389;841.0
-22.962616444630545;-46.38829531992676;841.0
-22.966625507641044;-46.377185450779216;843.7006225585938
-22.97081171052693;-46.3661525820551;841.0
-22.97517379454867;-46.35520003798211;886.66650390625
-22.979710447962542;-46.34433111956282;843.4530639648438
-22.98442030640044;-46.33354910361127;883.2801513671875
-22.98930195326493;-46.32285724179553;858.4051513671875
-22.994353920139737;-46.31225875968642;884.8228149414062
-22.99957468721526;-46.30175685581263;949.2779541015625
-23.00496268372927;-46.29135470072241;956.8877563476562
-23.010516288422483;-46.28105543605231;870.27587890625
-23.01623383000904;-46.27086217360289;890.1539916992188
-23.02211358766167;-46.26077799442192;836.6726684570312
-23.028153791511507;-46.25080594789505;834.5342407226562
-23.03435262316233;-46.24094905084458;834.56982421875
-23.040708216219222;-46.23121028663604;1030.603393554688
-23.047218656831408;-46.2215926042933;886.0319213867188
-23.05388198424917;-46.21209891762221;875.19482421875
-23.06069619139474;-46.202732104343006;853.0208129882812
-23.06765922544698;-46.19349500523183;869.352294921875
-23.07476898843969;-46.184390423271495;950.7306518554688
-23.082023337873448;-46.1754211228118;919.3355712890625
-23.08942008734078;-46.1665898287396;792.077392578125
-23.096957007164523;-46.15789922565887;714.4644775390625
-23.10463182504917;-46.149351957081024;703.38134765625
-23.11244222674516;-46.14095062462562;693.370361328125
-23.12038585672575;-46.13269778723191;656.111083984375
-23.12846031887648;-46.12459596038109;764.260009765625
-23.13666317719691;-46.11664761533002;726.520751953125
-23.14499195651456;-46.108855178356;749.4737548828125
-23.153444143210788;-46.10122103001339;641.2005004882812
-23.16201718595845;-46.09374750440198;618.0
-23.17070849647118;-46.086436888447466;619.97412109375
-23.179515450263978;-46.07929142119418;645.75830078125
-23.188435387425105;-46.072313293110334;715.6390991210938
-23.19746561339888;-46.06550464540609;712.0735473632812
-23.206603399779294;-46.05886756936442;610.0
-23.215845985114218;-46.05240410568531;634.0416870117188
-23.22519057571992;-46.04611624384327;705.3726196289062
-23.23463434650577;-46.040005921458416;620.3847045898438
-23.24417444180888;-46.03407502368147;563.4205322265625
-23.253807976238388;-46.02832538259272;590.541259765625
-23.263532035529305;-46.022758776615234;590.9820556640625
-23.273343677405503;-46.01737692994255;619.715576171875
-23.28323993245185;-46.01218151198096;577.0543212890625
-23.293217804994963;-46.007174136806725;587.2341918945312
-23.30327427399268;-46.00235636263828;565.1316528320312
-23.313406293931667;-45.99772969132374;574.4107666015625
-23.32361079573317;-45.99329556784385;615.9060668945312
-23.33388468766656;-45.98905537983056;645.92919921875
-23.344224856270387;-45.985010457101446;571.5650024414062
-23.3546281672808;-45.98116207121017;639.8341674804688
-23.365091466566938;-45.97751143501315;628.2325439453125
-23.37561158107315;-45.974059702252575;632.7293701171875
-23.38618531976771;-45.97080796715609;640.8236083984375
-23.396809474597795;-45.96775726405309;578.574462890625
-23.407480821450417;-45.96490856700809;599.1905517578125
-23.41819612111913;-45.96226278947106;673.8321533203125
-23.42895212027611;-45.9598207839451;682.2957153320312
-23.439745552449416;-45.95758334167148;707.4328002929688
-23.450573139005137;-45.95555119233229;732.3731689453125
-23.46143159013418;-45.95372500377084;807.2637329101562
-23.472317605843287;-45.952105381729865;693.0263671875
-23.48322787695017;-45.95069286960791;755.5565795898438
-23.49415908608234;-45.94948794823371;823.4204711914062
-23.5051079086794;-45.948491035659046;774.5360107421875
-23.51607101399849;-45.947702486969966;802.3185424804688
-23.52704506612261;-45.94712259411659;759.1976318359375
-23.53802672497154;-45.946751585761646;806.2713623046875
-23.5490126473149;-45.94658962714786;795.087890625
-23.55999948778737;-45.94663681998416;805.1988525390625
-23.570983899905407;-45.94689320235111;778.8218383789062
-23.58196253708544;-45.947358748625405;772.0
-23.59293205366301;-45.948033369423605;795.994140625
-23.60388910591277;-45.94891691156528;809.642822265625
-23.614830353068854;-45.95000915805561;859.8939819335938
-23.62575245834535;-45.95130982808739;853.2892456054688
-23.63665208995668;-45.95281857706285;889.551025390625
-23.6475259221374;-45.954534996635;861.80908203125
-23.658370636161216;-45.95645861476869;896.5977172851562
-23.6691829213589;-45.958588895821705;943.93017578125
-23.67995947613472;-45.9609252406454;832.8631591796875
-23.6906970089811;-45.96346698670556;776.9144897460938
-23.70139223949129;-45.96621340822295;846.0658569335938
-23.712041899369567;-45.96916371633405;699.4906616210938
-23.72264273343866;-45.97231705927167;378.5351867675781
-23.73319150064434;-45.9756725225657;38.72216415405273
-23.743684975056432;-45.97922912926382;21.15255546569824
-23.754119946866307;-45.98298584017232;12.55537033081055
-23.76449322338031;-45.98694155411704;9.894257545471191
-23.774801630008906;-45.99109510822418;11.95605373382568
-23.785042011251143;-45.99544527822139;10.22688770294189
-23.79521123167426;-45.99999077875864;6.732222080230713
-23.80530617688789;-46.0047302637493;0.0
-23.81532375451277;-46.009662326730975;-2.005582332611084
-23.82526089514357;-46.01478550124639;-5.676664352416992
-23.83511455330533;-46.02009826124407;-6.674473762512207
-23.844881708403552;-46.02559902149877;-6.842459201812744
-23.854559365667267;-46.03128613805181;-9.02284049987793
-23.86414455708508;-46.037157908670814;-12.78707504272461
-23.87363434233356;-46.04321257332924;-15.14257335662842
-23.88302580969801;-46.0494483147052;-15.99760150909424
-23.89231607698497;-46.05586325869989;-14.60373878479004
-23.90150229242636;-46.062455474975;-14.0
-23.91058163557493;-46.06922297750951;-15.0
-23.91955131819064;-46.076163725175455;-15.84238243103027
-23.928408585117687;-46.083275622332486;-17.0
-23.93715071515193;-46.09055651944133;-16.0
-23.94577502189836;-46.09800421369571;-16.0
-23.95427885461832;-46.10561644967288;-16.0
-23.96265959906625;-46.11339092000225;-16.0
-23.97091467831553;-46.12132526605229;-16.9960994720459
-23.97904155357332;-46.12941707863519;-16.79208755493164
-23.987037724983846;-46.13766389872936;-14.95084857940674
-23.994900732420227;-46.14606321821945;-12.80543231964111
-24.002628156264123;-46.15461248065365;-9.420868873596191
-24.010217618173314;-46.16330908201807;-7.453884124755859
-24.01766678183667;-46.17215037152807;-9.627999305725098
-24.024973353716405;-46.181133652436166;-13.51585578918457
-24.03213508377728;-46.19025618285637;-15.18039894104004
-24.039149766202453;-46.199515176604685;-15.38648509979248
-24.046015240095866;-46.20890780405543;-16.1280689239502
-24.052729390170708;-46.21843119301328;-15.95224571228027
-24.05929014742391;-46.22808242960057;-15.50587558746338
-24.06569548979628;-46.23785855915977;-11.9400634765625
-24.071943442818107;-46.2477565871706;-12.6958179473877
-24.07803208023998;-46.25777348018174;-18.88356590270996
-24.08395952464861;-46.26790616675666;-22.88850021362305
-24.089723948067363;-46.278151538433335;-24.74190521240234
-24.095323572541425;-46.288506450697504;-24.72748565673828
-24.100756670707213;-46.298967723969085;-24.0
-24.106021566345905;-46.30953214460155;-22.42354393005371
-24.111116634920936;-46.32019646589379;-20.60401344299316
-24.116040304099187;-46.33095740911419;-17.41225242614746
-24.12079105425562;-46.34181166453652;-14.1116304397583
-24.125367418961364;-46.3527558924873;-15.5248851776123
-24.129767985454865;-46.36378672440429;-18.7158145904541
-24.133991395096;-46.37490076390569;-20.96587181091309
-24.138036343803087;-46.3860945878697;-23.79331588745117
-24.141901582472418;-46.39736474752405;-25.0
-24.14558591738035;-46.40870776954509;-25.14103507995605
-24.149088210567687;-46.42012015716605;-25.0
-24.15240738020628;-46.43159839129414;-24.0
-24.15554240094763;-46.44313893163589;-23.89810562133789
-24.158492304253443;-46.45473821783059;-23.83778190612793
-24.16125617870796;-46.46639267059115;-23.0877571105957
-24.163833170311964;-46.478098692852186;-22.65706062316895
-24.166222482758325;-46.4898526709247;-22.65218925476074
-24.168423377689027;-46.5016509756571;-21.59859275817871
-24.170435174933537;-46.513489963602005;-20.96357536315918
-24.172257252728457;-46.52536597818849;-19.9449348449707
-24.17388904791833;-46.53727535089926;-19.1305046081543
-24.17533005613757;-46.54921440245235;-18.99844741821289
-24.176579831973445;-46.56117944398691;-18.42414855957031
-24.17763798911;-46.57316677825259;-18.81008338928223
-24.1785042004529;-46.58517270080216;-18.0
-24.17917819823521;-46.597193501186766;-17.0
-24.179659774103925;-46.60922546415355;-15.5897331237793
-24.17994877918732;-46.62126487084506;-13.6511287689209
-24.18004512414311;-46.633308;-11.47818088531494
-24.17994877918732;-46.64535112915494;-10.0
-24.179659774103925;-46.65739053584645;-10.23855686187744
-24.17917819823521;-46.66942249881324;-11.0
-24.1785042004529;-46.681443299197845;-10.95712566375732
-24.17763798911;-46.69344922174741;-8.027050018310547
-24.176579831973445;-46.7054365560131;-2.331214427947998
-24.17533005613757;-46.717401597547656;-4.198325157165527
-24.17388904791833;-46.72934064910075;-7.053581714630127
-24.172257252728457;-46.74125002181151;-0.01240687817335129
-24.170435174933537;-46.753126036398;0.0
-24.168423377689027;-46.76496502434291;6.739322662353516
-24.166222482758325;-46.7767633290753;4.765698909759521
-24.163833170311964;-46.78851730714782;2.801329612731934
-24.16125617870796;-46.80022332940886;2.435228586196899
-24.158492304253443;-46.81187778216942;1.003870844841003
-24.15554240094763;-46.82347706836411;8.384843826293945
-24.15240738020628;-46.83501760870586;5.272719383239746
-24.149088210567687;-46.84649584283395;3.195377588272095
-24.14558591738035;-46.85790823045492;10.54785823822021
-24.141901582472418;-46.86925125247596;5.902172565460205
-24.138036343803087;-46.88052141213031;9.459177017211914
-24.133991395096;-46.89171523609431;60.67283248901367
-24.129767985454865;-46.902829275595714;20.47556304931641
-24.125367418961364;-46.913860107512704;0.7337229251861572
-24.12079105425562;-46.92480433546348;4.343550205230713
-24.116040304099187;-46.93565859088581;7.472617149353027
-24.111116634920936;-46.94641953410621;50.40723037719727
-24.106021566345905;-46.95708385539846;27.78761100769043
-24.100756670707213;-46.96764827603092;340.1575317382812
-24.095323572541425;-46.9781095493025;477.0589599609375
-24.089723948067363;-46.98846446156666;520.8089599609375
-24.08395952464861;-46.99870983324335;654.130615234375
-24.07803208023998;-47.008842519818266;695.2701416015625
-24.071943442818107;-47.0188594128294;702.8771362304688
-24.06569548979628;-47.02875744084023;712.334228515625
-24.059290147423912;-47.03853357039943;704.5023193359375
-24.052729390170708;-47.048184806986725;662.0490112304688
-24.046015240095866;-47.05770819594457;685.648681640625
-24.039149766202453;-47.06710082339532;711.0831298828125
-24.03213508377728;-47.076359817143626;754.2386474609375
-24.024973353716405;-47.08548234756383;734.2955932617188
-24.01766678183667;-47.09446562847194;743.332763671875
-24.010217618173314;-47.10330691798194;716.2786254882812
-24.002628156264123;-47.11200351934635;751.786376953125
-23.994900732420227;-47.12055278178055;777.3214721679688
-23.987037724983846;-47.128952101270656;777.2752075195312
-23.97904155357332;-47.13719892136482;772.135986328125
-23.97091467831553;-47.14529073394771;722.6210327148438
-23.96265959906625;-47.15322507999775;719.5528564453125
-23.95427885461832;-47.160999550327126;658.7610473632812
-23.94577502189836;-47.1686117863043;708.2877197265625
-23.93715071515193;-47.17605948055868;667.1837158203125
-23.928408585117687;-47.18334037766751;680.8155517578125
-23.91955131819064;-47.190452274824544;655.0460205078125
-23.91058163557493;-47.19739302249049;654.3720703125
-23.90150229242636;-47.20416052502501;683.7518920898438
-23.89231607698497;-47.21075274130012;711.869140625
-23.88302580969801;-47.2171676852948;743.4429931640625
-23.87363434233356;-47.22340342667077;793.8134155273438
-23.86414455708508;-47.22945809132919;847.248291015625
-23.854559365667267;-47.2353298619482;759.9478149414062
-23.844881708403552;-47.24101697850124;871.0455932617188
-23.83511455330533;-47.24651773875594;991.2509765625
-23.82526089514357;-47.25183049875361;1011.752685546875
-23.81532375451277;-47.256953673269024;922.57080078125
-23.80530617688789;-47.261885736250704;976.2451171875
-23.79521123167426;-47.26662522124136;1010.534484863281
-23.785042011251143;-47.27117072177862;1005.886352539062
-23.774801630008906;-47.27552089177582;1031.663818359375
-23.76449322338031;-47.27967444588297;957.3906860351562
-23.754119946866307;-47.28363015982768;955.846923828125
-23.743684975056432;-47.287386870736185;995.2418212890625
-23.73319150064434;-47.290943477434304;961.9835815429688
-23.72264273343866;-47.29429894072833;942.919677734375
-23.712041899369567;-47.29745228366596;975.8803100585938
-23.70139223949129;-47.30040259177705;877.2385864257812
-23.6906970089811;-47.30314901329445;875.5879516601562
-23.67995947613472;-47.30569075935461;875.7223510742188
-23.669182921358896;-47.3080271041783;893.93994140625
-23.658370636161216;-47.31015738523131;840.7804565429688
-23.6475259221374;-47.31208100336501;929.8253173828125
-23.63665208995668;-47.31379742293715;890.20703125
-23.62575245834535;-47.31530617191262;836.1705322265625
-23.61483035306885;-47.3166068419444;862.4114379882812
-23.60388910591277;-47.31769908843472;845.201904296875
-23.59293205366301;-47.3185826305764;899.4686889648438
-23.58196253708544;-47.3192572513746;906.848388671875
-23.570983899905407;-47.31972279764889;993.0768432617188
-23.55999948778737;-47.31997918001585;1004.058410644531
-23.5490126473149;-47.32002637285215;903.45458984375
-23.53802672497154;-47.31986441423835;805.6964721679688
-23.52704506612261;-47.31949340588341;782.7635498046875
-23.51607101399849;-47.31891351303004;693.7869262695312
-23.5051079086794;-47.31812496434095;677.2806396484375
-23.49415908608234;-47.317128051766296;690.9320068359375
-23.48322787695017;-47.3159231303921;669.7344970703125
-23.472317605843287;-47.31451061827013;654.0524291992188
-23.46143159013418;-47.31289099622917;618.7782592773438
-23.450573139005137;-47.311064807667705;685.1666259765625
-23.439745552449416;-47.30903265832852;643.0364990234375
-23.42895212027611;-47.3067952160549;659.0321044921875
-23.41819612111913;-47.304353210528944;742.7740478515625
-23.407480821450417;-47.30170743299191;668.7620239257812
-23.396809474597795;-47.29885873594691;633.805419921875
-23.38618531976771;-47.29580803284392;711.1197509765625
-23.37561158107315;-47.292556297747424;675.4834594726562
-23.365091466566938;-47.28910456498686;629.9410400390625
-23.3546281672808;-47.28545392878983;684.6355590820312
-23.344224856270387;-47.28160554289855;621.4542236328125
-23.33388468766656;-47.277560620169446;656.0025024414062
-23.32361079573317;-47.27332043215616;640.23828125
-23.313406293931667;-47.268886308676265;615.365234375
-23.30327427399268;-47.264259637361725;608.1156005859375
-23.293217804994963;-47.25944186319328;643.4641723632812
-23.28323993245185;-47.25443448801904;600.9156494140625
-23.273343677405503;-47.249239070057456;565.8667602539062
-23.263532035529305;-47.243857223384765;608.4388427734375
-23.253807976238388;-47.23829061740729;637.2186279296875
-23.24417444180888;-47.23254097631853;685.0148315429688
-23.23463434650577;-47.22661007854159;628.3903198242188
-23.22519057571992;-47.220499756156734;595.1530151367188
-23.215845985114218;-47.21421189431469;676.0592651367188
-23.206603399779294;-47.20774843063558;669.335205078125
-23.19746561339888;-47.20111135459391;669.6621704101562
-23.188435387425105;-47.19430270688967;642.3837890625
-23.179515450263978;-47.18732457880583;653.6785888671875
-23.17070849647118;-47.18017911155253;677.2725830078125
-23.16201718595845;-47.17286849559802;643.3623046875
-23.153444143210788;-47.165394969986615;634.360595703125
-23.14499195651456;-47.157760821644;681.1859130859375
-23.13666317719691;-47.14996838466998;683.6373291015625
-23.12846031887648;-47.142020039618906;649.1152954101562
-23.12038585672575;-47.1339182127681;633.61669921875
-23.11244222674516;-47.12566537537438;607.1555786132812
-23.10463182504917;-47.11726404291898;659.7685546875
-23.096957007164523;-47.10871677434113;686.7557983398438
-23.08942008734078;-47.1000261712604;726.5896606445312
-23.082023337873448;-47.09119487718821;764.6466674804688
-23.07476898843969;-47.08222557672851;698.2039184570312
-23.06765922544698;-47.07312099476817;741.3143920898438
-23.06069619139474;-47.06388389565699;698.9605102539062
-23.05388198424917;-47.05451708237779;647.084228515625
-23.047218656831408;-47.0450233957067;641.1507568359375
-23.040708216219222;-47.03540571336397;676.3206176757812
-23.03435262316233;-47.02566694915542;690.6497192382812
-23.028153791511507;-47.01581005210495;719.9727172851562
-23.02211358766167;-47.00583800557809;743.0847778320312
-23.01623383000904;-46.99575382639711;709.1730346679688
-23.010516288422483;-46.98556056394769;700.4573974609375
-23.00496268372927;-46.97526129927759;729.0345458984375
-22.99957468721526;-46.96485914418737;824.859619140625
-22.994353920139737;-46.95435724031358;866.6290893554688
-22.98930195326493;-46.94375875820448;924.2877197265625
-22.98442030640044;-46.93306689638873;907.2581176757812
-22.979710447962542;-46.92228488043718;924.0249633789062
-22.97517379454867;-46.9114159620179;844.7769775390625
-22.97081171052693;-46.900463417944906;780.3490600585938
-22.966625507641044;-46.88943054922078;762.0458374023438
-22.962616444630545;-46.87832068007325;727.1031494140625
-22.95878572686651;-46.86713715698612;762.258056640625
-22.95513450600284;-46.85588334772488;714.6329956054688
-22.95166387964316;-46.84456264035703;732.0
-22.94837489102345;-46.83317844226748;757.5350952148438
-22.94526852871053;-46.82173417916932;762.269775390625
-22.94234572631633;-46.81023329411007;869.6622924804688
-22.93960736222821;-46.79867924647378;860.6519775390625
-22.937054259355225;-46.78707551097916;858.88134765625
-22.934687184890496;-46.775425576674;859.8570556640625
-22.9325068500897;-46.76373294592615;982.20556640625
-22.93051391006578;-46.752001133411234;909.3983154296875
-22.92870896359985;-46.74023366509747;989.4515991210938
-22.927092552968425;-46.72843407722771;920.6444091796875
-22.925665163786963;-46.71660591529905;946.3674926757812
-22.924427224869778;-46.70475273304015;814.1835327148438
-22.92337910810633;-46.69287809138666;843.4575805664062
-22.922521128354024;-46.68098555745484;816.9556274414062
-22.92185354334732;-46.66907870351376;898.0433959960938
-22.92137655362348;-46.65716110595616;868.1080932617188
-22.92109030246472;-46.64523634426849;828.7103271484375
