latitude;longitude;altitude (m);distance_m;name;obstrucao;angle
-22.936496551;-46.649361452;831.0;69000;Line 1;1;179.967954994711
-22.963585945;-46.649673547;808.0;66000;Line 1;1;179.967954994711
-22.990675242;-46.649986134;774.2;63000;Line 1;0;179.967954994711
-23.017764442;-46.650299212;841.2;60000;Line 1;1;179.967954994711
-23.044853546;-46.650612783;803.8;57000;Line 1;0;179.967954994711
-23.071942553;-46.650926846;746.4;54000;Line 1;0;179.967954994711
-23.099031464;-46.651241401;830.8;51000;Line 1;0;179.967954994711
-23.126120277;-46.65155645;826.4;48000;Line 1;0;179.967954994711
-23.153208993;-46.651871993;889.8;45000;Line 1;1;179.967954994711
-23.180297612;-46.65218803;806.0;42000;Line 1;0;179.967954994711
-23.207386134;-46.652504562;888.1;39000;Line 1;1;179.967954994711
-23.234474558;-46.652821589;892.8;36000;Line 1;1;179.967954994711
-23.261562886;-46.653139112;944.1;33000;Line 1;1;179.967954994711
-23.288651115;-46.65345713;820.9;30000;Line 1;0;179.967954994711
-23.315739247;-46.653775645;932.6;27000;Line 1;1;179.967954994711
-23.342827281;-46.654094656;763.7;24000;Line 1;0;179.967954994711
-23.369915218;-46.654414165;797.8;21000;Line 1;0;179.967954994711
-23.397003057;-46.654734172;868.6;18000;Line 1;0;179.967954994711
-23.424090797;-46.655054676;940.6;15000;Line 1;1;179.967954994711
-23.45117844;-46.65537568;807.8;12000;Line 1;0;179.967954994711
-23.478265985;-46.655697182;756.6;9000;Line 1;0;179.967954994711
-23.505353431;-46.656019184;763.5;6000;Line 1;0;179.967954994711
-23.532440779;-46.656341686;752.7;3000;Line 1;0;179.967954994711
-22.972592142;-46.430570815;845.0;69000;Line 20;1;198.974635869953
-22.998125689;-46.440355849;855.6;66000;Line 20;1;198.974635869953
-23.023658365;-46.450144815;865.7;63000;Line 20;1;198.974635869953
-23.049190166;-46.459937721;877.4;60000;Line 20;1;198.974635869953
-23.074721092;-46.469734573;804.7;57000;Line 20;1;198.974635869953
-23.100251138;-46.479535381;856.0;54000;Line 20;1;198.974635869953
-23.125780304;-46.489340151;825.8;51000;Line 20;1;198.974635869953
-23.151308587;-46.499148891;1061.9;48000;Line 20;1;198.974635869953
-23.176835985;-46.508961609;1306.4;45000;Line 20;1;198.974635869953
-23.202362495;-46.518778312;1117.5;42000;Line 20;1;198.974635869953
-23.227888115;-46.528599008;1101.1;39000;Line 20;1;198.974635869953
-23.253412842;-46.538423705;975.7;36000;Line 20;1;198.974635869953
-23.278936675;-46.548252411;958.3;33000;Line 20;1;198.974635869953
-23.30445961;-46.558085132;798.5;30000;Line 20;1;198.974635869953
-23.329981647;-46.567921877;844.4;27000;Line 20;1;198.974635869953
-23.355502781;-46.577762654;920.9;24000;Line 20;1;198.974635869953
-23.381023012;-46.58760747;1059.1;21000;Line 20;1;198.974635869953
-23.406542336;-46.597456333;899.1;18000;Line 20;1;198.974635869953
-23.432060752;-46.60730925;857.1;15000;Line 20;0;198.974635869953
-23.457578257;-46.61716623;763.9;12000;Line 20;0;198.974635869953
-23.483094848;-46.62702728;774.0;9000;Line 20;0;198.974635869953
-23.508610524;-46.636892408;725.4;6000;Line 20;0;198.974635869953
-23.534125282;-46.646761622;753.4;3000;Line 20;0;198.974635869953
-23.07929064;-46.226985481;880.5;69000;Line 40;1;218.9846394605
-23.100206708;-46.245602396;866.1;66000;Line 40;1;218.9846394605
-23.121120273;-46.264225131;939.4;63000;Line 40;1;218.9846394605
-23.142031329;-46.282853696;1154.0;60000;Line 40;1;218.9846394605
-23.162939869;-46.301488096;841.1;57000;Line 40;1;218.9846394605
-23.183845886;-46.320128341;824.6;54000;Line 40;1;218.9846394605
-23.204749374;-46.338774438;854.1;51000;Line 40;1;218.9846394605
-23.225650327;-46.357426394;986.6;48000;Line 40;1;218.9846394605
-23.246548737;-46.376084218;802.4;45000;Line 40;1;218.9846394605
-23.267444597;-46.394747916;909.1;42000;Line 40;1;218.9846394605
-23.288337902;-46.413417498;1197.8;39000;Line 40;0;218.9846394605
-23.309228644;-46.43209297;868.5;36000;Line 40;0;218.9846394605
-23.330116817;-46.450774341;890.7;33000;Line 40;0;218.9846394605
-23.351002414;-46.469461618;920.0;30000;Line 40;0;218.9846394605
-23.371885428;-46.488154808;887.7;27000;Line 40;0;218.9846394605
-23.392765853;-46.506853921;846.1;24000;Line 40;0;218.9846394605
-23.413643682;-46.525558963;854.0;21000;Line 40;0;218.9846394605
-23.434518908;-46.544269942;789.7;18000;Line 40;0;218.9846394605
-23.455391525;-46.562986867;764.5;15000;Line 40;0;218.9846394605
-23.476261526;-46.581709744;744.5;12000;Line 40;0;218.9846394605
-23.497128905;-46.600438583;765.2;9000;Line 40;0;218.9846394605
-23.517993653;-46.619173389;725.0;6000;Line 40;0;218.9846394605
-23.538855766;-46.637914172;754.3;3000;Line 40;0;218.9846394605
-23.243844219;-46.074734811;710.5;69000;Line 60;0;238.996498630329
-23.257626371;-46.099981524;719.7;66000;Line 60;0;238.996498630329
-23.271404241;-46.125233311;681.5;63000;Line 60;0;238.996498630329
-23.28517782;-46.150490172;681.7;60000;Line 60;0;238.996498630329
-23.298947101;-46.175752107;730.0;57000;Line 60;0;238.996498630329
-23.312712075;-46.201019117;728.2;54000;Line 60;0;238.996498630329
-23.326472735;-46.226291202;680.2;51000;Line 60;0;238.996498630329
-23.340229072;-46.251568361;709.5;48000;Line 60;0;238.996498630329
-23.353981079;-46.276850595;786.5;45000;Line 60;0;238.996498630329
-23.367728747;-46.302137904;806.3;42000;Line 60;0;238.996498630329
-23.381472069;-46.327430288;789.5;39000;Line 60;0;238.996498630329
-23.395211036;-46.352727747;814.1;36000;Line 60;0;238.996498630329
-23.408945641;-46.378030282;770.7;33000;Line 60;0;238.996498630329
-23.422675875;-46.403337892;756.6;30000;Line 60;0;238.996498630329
-23.436401731;-46.428650577;771.7;27000;Line 60;0;238.996498630329
-23.450123201;-46.453968338;787.7;24000;Line 60;0;238.996498630329
-23.463840276;-46.479291174;738.2;21000;Line 60;0;238.996498630329
-23.477552949;-46.504619086;730.3;18000;Line 60;0;238.996498630329
-23.491261212;-46.529952074;731.2;15000;Line 60;0;238.996498630329
-23.504965056;-46.555290138;744.0;12000;Line 60;0;238.996498630329
-23.518664474;-46.580633277;729.8;9000;Line 60;0;238.996498630329
-23.532359458;-46.605981493;729.9;6000;Line 60;0;238.996498630329
-23.546049999;-46.631334784;732.3;3000;Line 60;0;238.996498630329
-23.446566965;-45.992252484;730.8;69000;Line 80;0;259.008780489599
-23.4515468;-46.02112001;743.4;66000;Line 80;0;259.008780489599
-23.456521213;-46.049989487;671.8;63000;Line 80;0;259.008780489599
-23.461490202;-46.07886091;666.0;60000;Line 80;0;259.008780489599
-23.466453763;-46.107734269;824.9;57000;Line 80;1;259.008780489599
-23.471411891;-46.136609557;831.3;54000;Line 80;1;259.008780489599
-23.476364584;-46.165486767;882.0;51000;Line 80;1;259.008780489599
-23.481311837;-46.194365891;1036.2;48000;Line 80;1;259.008780489599
-23.486253648;-46.223246921;835.6;45000;Line 80;0;259.008780489599
-23.491190012;-46.252129849;875.6;42000;Line 80;0;259.008780489599
-23.496120925;-46.281014668;800.8;39000;Line 80;0;259.008780489599
-23.501046384;-46.30990137;784.3;36000;Line 80;0;259.008780489599
-23.505966385;-46.338789948;740.0;33000;Line 80;0;259.008780489599
-23.510880925;-46.367680392;763.7;30000;Line 80;0;259.008780489599
-23.51579;-46.396572697;776.7;27000;Line 80;0;259.008780489599
-23.520693606;-46.425466854;754.0;24000;Line 80;0;259.008780489599
-23.52559174;-46.454362854;752.0;21000;Line 80;0;259.008780489599
-23.530484398;-46.483260692;792.3;18000;Line 80;0;259.008780489599
-23.535371576;-46.512160358;777.4;15000;Line 80;0;259.008780489599
-23.540253271;-46.541061845;735.4;12000;Line 80;0;259.008780489599
-23.54512948;-46.569965146;759.0;9000;Line 80;0;259.008780489599
-23.550000198;-46.598870252;751.9;6000;Line 80;0;259.008780489599
-23.554865421;-46.627777155;733.0;3000;Line 80;0;259.008780489599
-23.663108615;-45.989775647;749.1;69000;Line 100;0;279.020002481324
-23.658672606;-46.018793657;803.9;66000;Line 100;0;279.020002481324
-23.654231227;-46.047809494;834.9;63000;Line 100;0;279.020002481324
-23.649784484;-46.076823149;867.0;60000;Line 100;0;279.020002481324
-23.64533238;-46.105834615;763.8;57000;Line 100;0;279.020002481324
-23.640874917;-46.134843884;766.5;54000;Line 100;0;279.020002481324
-23.6364121;-46.163850947;794.6;51000;Line 100;0;279.020002481324
-23.631943932;-46.192855797;755.0;48000;Line 100;0;279.020002481324
-23.627470417;-46.221858427;781.3;45000;Line 100;0;279.020002481324
-23.622991558;-46.250858828;770.9;42000;Line 100;0;279.020002481324
-23.618507358;-46.279856992;771.9;39000;Line 100;0;279.020002481324
-23.614017822;-46.308852911;820.5;36000;Line 100;0;279.020002481324
-23.609522953;-46.337846578;834.6;33000;Line 100;0;279.020002481324
-23.605022754;-46.366837985;797.9;30000;Line 100;0;279.020002481324
-23.600517229;-46.395827124;867.1;27000;Line 100;0;279.020002481324
-23.596006382;-46.424813987;823.6;24000;Line 100;0;279.020002481324
-23.591490216;-46.453798566;822.9;21000;Line 100;0;279.020002481324
-23.586968735;-46.482780853;759.7;18000;Line 100;0;279.020002481324
-23.582441942;-46.511760841;794.6;15000;Line 100;0;279.020002481324
-23.577909841;-46.540738522;797.4;12000;Line 100;0;279.020002481324
-23.573372435;-46.569713887;793.3;9000;Line 100;0;279.020002481324
-23.568829729;-46.59868693;740.6;6000;Line 100;0;279.020002481324
-23.564281725;-46.627657641;763.0;3000;Line 100;0;279.020002481324
-23.867341802;-46.067982595;0.0;69000;Line 120;0;299.02880707257
-23.854014396;-46.09363123;0.0;66000;Line 120;0;299.02880707257
-23.840682888;-46.119274491;0.0;63000;Line 120;0;299.02880707257
-23.827347286;-46.144912379;10.8;60000;Line 120;0;299.02880707257
-23.814007598;-46.170544892;309.8;57000;Line 120;0;299.02880707257
-23.800663833;-46.196172031;839.4;54000;Line 120;1;299.02880707257
-23.787315998;-46.221793795;922.4;51000;Line 120;1;299.02880707257
-23.773964101;-46.247410185;1049.9;48000;Line 120;0;299.02880707257
-23.760608151;-46.2730212;883.1;45000;Line 120;0;299.02880707257
-23.747248156;-46.29862684;906.1;42000;Line 120;0;299.02880707257
-23.733884123;-46.324227105;877.7;39000;Line 120;0;299.02880707257
-23.720516061;-46.349821996;829.5;36000;Line 120;0;299.02880707257
-23.707143978;-46.375411511;812.5;33000;Line 120;0;299.02880707257
-23.693767882;-46.400995652;782.0;30000;Line 120;0;299.02880707257
-23.680387782;-46.426574417;835.3;27000;Line 120;0;299.02880707257
-23.667003684;-46.452147806;784.6;24000;Line 120;0;299.02880707257
-23.653615598;-46.477715821;761.9;21000;Line 120;0;299.02880707257
-23.640223532;-46.50327846;786.6;18000;Line 120;0;299.02880707257
-23.626827493;-46.528835724;782.6;15000;Line 120;0;299.02880707257
-23.613427489;-46.554387612;741.5;12000;Line 120;0;299.02880707257
-23.60002353;-46.579934125;739.9;9000;Line 120;0;299.02880707257
-23.586615622;-46.605475262;762.1;6000;Line 120;0;299.02880707257
-23.573203774;-46.631011024;763.0;3000;Line 120;0;299.02880707257
-24.034512737;-46.217733607;0.0;69000;Line 140;0;319.034134650231
-24.013901755;-46.23687592;0.0;66000;Line 140;0;319.034134650231
-23.993288577;-46.256012173;13.0;63000;Line 140;0;319.034134650231
-23.972673211;-46.275142375;6.2;60000;Line 140;0;319.034134650231
-23.952055663;-46.294266532;7.3;57000;Line 140;0;319.034134650231
-23.93143594;-46.313384653;0.0;54000;Line 140;0;319.034134650231
-23.91081405;-46.332496746;0.0;51000;Line 140;0;319.034134650231
-23.890189999;-46.351602818;160.3;48000;Line 140;0;319.034134650231
-23.869563794;-46.370702877;7.3;45000;Line 140;0;319.034134650231
-23.848935443;-46.389796932;3.4;42000;Line 140;0;319.034134650231
-23.828304951;-46.408884989;677.6;39000;Line 140;0;319.034134650231
-23.807672327;-46.427967058;763.3;36000;Line 140;0;319.034134650231
-23.787037577;-46.447043145;751.0;33000;Line 140;0;319.034134650231
-23.766400707;-46.466113258;760.8;30000;Line 140;0;319.034134650231
-23.745761726;-46.485177406;796.2;27000;Line 140;0;319.034134650231
-23.72512064;-46.504235596;803.1;24000;Line 140;0;319.034134650231
-23.704477455;-46.523287836;820.0;21000;Line 140;0;319.034134650231
-23.683832179;-46.542334134;764.8;18000;Line 140;0;319.034134650231
-23.663184819;-46.561374498;754.0;15000;Line 140;0;319.034134650231
-23.642535381;-46.580408935;746.9;12000;Line 140;0;319.034134650231
-23.621883873;-46.599437453;779.1;9000;Line 140;0;319.034134650231
-23.601230301;-46.61846006;782.8;6000;Line 140;0;319.034134650231
-23.580574673;-46.637476764;811.4;3000;Line 140;0;319.034134650231
-24.144280391;-46.421028771;0.0;69000;Line 160;0;339.035342405573
-24.118886964;-46.431308896;0.0;66000;Line 160;0;339.035342405573
-24.093492954;-46.441585203;0.0;63000;Line 160;0;339.035342405573
-24.068098364;-46.451857701;0.0;60000;Line 160;0;339.035342405573
-24.042703196;-46.462126398;0.0;57000;Line 160;0;339.035342405573
-24.017307452;-46.472391301;6.9;54000;Line 160;0;339.035342405573
-23.991911136;-46.482652419;7.8;51000;Line 160;0;339.035342405573
-23.966514249;-46.492909759;9.2;48000;Line 160;0;339.035342405573
-23.941116795;-46.503163329;546.0;45000;Line 160;0;339.035342405573
-23.915718775;-46.513413138;288.9;42000;Line 160;0;339.035342405573
-23.890320193;-46.523659192;756.4;39000;Line 160;0;339.035342405573
-23.86492105;-46.533901501;751.0;36000;Line 160;0;339.035342405573
-23.83952135;-46.544140072;767.1;33000;Line 160;0;339.035342405573
-23.814121094;-46.554374912;761.2;30000;Line 160;0;339.035342405573
-23.788720286;-46.56460603;764.7;27000;Line 160;0;339.035342405573
-23.763318928;-46.574833434;813.8;24000;Line 160;0;339.035342405573
-23.737917022;-46.585057131;776.9;21000;Line 160;0;339.035342405573
-23.712514571;-46.59527713;793.6;18000;Line 160;0;339.035342405573
-23.687111577;-46.605493437;794.2;15000;Line 160;0;339.035342405573
-23.661708043;-46.615706062;802.4;12000;Line 160;0;339.035342405573
-23.636303972;-46.625915011;780.3;9000;Line 160;0;339.035342405573
-23.610899365;-46.636120293;810.1;6000;Line 160;0;339.035342405573
-23.585494226;-46.646321915;794.0;3000;Line 160;0;339.035342405573
-24.183255623;-46.653142272;0.0;69000;Line 180;0;359.032288077501
-24.156169149;-46.653292044;0.0;66000;Line 180;0;359.032288077501
-24.129082585;-46.653442121;0.0;63000;Line 180;0;359.032288077501
-24.101995933;-46.653592502;9.8;60000;Line 180;0;359.032288077501
-24.074909192;-46.653743187;114.3;57000;Line 180;0;359.032288077501
-24.047822363;-46.653894176;208.4;54000;Line 180;0;359.032288077501
-24.020735445;-46.654045469;134.1;51000;Line 180;0;359.032288077501
-23.993648438;-46.654197067;239.3;48000;Line 180;0;359.032288077501
-23.966561344;-46.654348968;731.5;45000;Line 180;0;359.032288077501
-23.939474161;-46.654501174;723.4;42000;Line 180;0;359.032288077501
-23.91238689;-46.654653684;757.9;39000;Line 180;0;359.032288077501
-23.885299531;-46.654806498;777.3;36000;Line 180;0;359.032288077501
-23.858212084;-46.654959616;767.0;33000;Line 180;0;359.032288077501
-23.831124549;-46.655113038;774.6;30000;Line 180;0;359.032288077501
-23.804036927;-46.655266764;786.9;27000;Line 180;0;359.032288077501
-23.776949216;-46.655420794;751.0;24000;Line 180;0;359.032288077501
-23.749861418;-46.655575129;751.0;21000;Line 180;0;359.032288077501
-23.722773533;-46.655729767;751.0;18000;Line 180;0;359.032288077501
-23.69568556;-46.65588471;769.9;15000;Line 180;0;359.032288077501
-23.6685975;-46.656039956;776.7;12000;Line 180;0;359.032288077501
-23.641509352;-46.656195506;760.6;9000;Line 180;0;359.032288077501
-23.614421117;-46.656351361;790.4;6000;Line 180;0;359.032288077501
-23.587332796;-46.656507519;752.8;3000;Line 180;0;359.032288077501
-24.146691172;-46.885700682;14.7;69000;Line 200;0;19.0253423450732
-24.121207326;-46.875706278;373.6;66000;Line 200;0;19.0253423450732
-24.095722502;-46.865716157;20.0;63000;Line 200;0;19.0253423450732
-24.070236703;-46.855730311;407.5;60000;Line 200;0;19.0253423450732
-24.044749929;-46.845748732;205.2;57000;Line 200;0;19.0253423450732
-24.019262184;-46.835771412;457.4;54000;Line 200;0;19.0253423450732
-23.99377347;-46.825798342;701.8;51000;Line 200;0;19.0253423450732
-23.96828379;-46.815829516;763.0;48000;Line 200;0;19.0253423450732
-23.942793146;-46.805864924;771.9;45000;Line 200;0;19.0253423450732
-23.917301539;-46.79590456;777.4;42000;Line 200;0;19.0253423450732
-23.891808974;-46.785948415;785.2;39000;Line 200;0;19.0253423450732
-23.866315451;-46.775996481;807.6;36000;Line 200;0;19.0253423450732
-23.840820974;-46.766048751;807.9;33000;Line 200;0;19.0253423450732
-23.815325545;-46.756105216;818.0;30000;Line 200;0;19.0253423450732
-23.789829166;-46.746165868;838.0;27000;Line 200;0;19.0253423450732
-23.764331839;-46.736230701;774.3;24000;Line 200;0;19.0253423450732
-23.738833567;-46.726299705;738.0;21000;Line 200;0;19.0253423450732
-23.713334352;-46.716372874;749.7;18000;Line 200;0;19.0253423450732
-23.687834197;-46.706450199;759.3;15000;Line 200;0;19.0253423450732
-23.662333104;-46.696531672;759.7;12000;Line 200;0;19.0253423450732
-23.636831075;-46.686617285;773.2;9000;Line 200;0;19.0253423450732
-23.611328113;-46.676707031;751.7;6000;Line 200;0;19.0253423450732
-23.58582422;-46.666800902;746.3;3000;Line 200;0;19.0253423450732
-24.039078574;-47.090289254;703.6;69000;Line 220;0;39.0153437635708
-24.018291156;-47.071390392;745.0;66000;Line 220;0;39.0153437635708
-23.997500937;-47.052497694;751.1;63000;Line 220;0;39.0153437635708
-23.976707923;-47.033611154;727.3;60000;Line 220;0;39.0153437635708
-23.955912122;-47.014730763;778.5;57000;Line 220;0;39.0153437635708
-23.935113539;-46.995856514;742.6;54000;Line 220;0;39.0153437635708
-23.914312183;-46.976988398;744.4;51000;Line 220;0;39.0153437635708
-23.893508059;-46.958126408;769.9;48000;Line 220;0;39.0153437635708
-23.872701175;-46.939270535;731.9;45000;Line 220;0;39.0153437635708
-23.851891537;-46.920420773;770.9;42000;Line 220;0;39.0153437635708
-23.831079153;-46.901577113;886.6;39000;Line 220;0;39.0153437635708
-23.810264027;-46.882739548;936.3;36000;Line 220;0;39.0153437635708
-23.789446169;-46.863908069;845.8;33000;Line 220;0;39.0153437635708
-23.768625583;-46.845082669;826.1;30000;Line 220;0;39.0153437635708
-23.747802278;-46.82626334;788.7;27000;Line 220;0;39.0153437635708
-23.726976259;-46.807450074;758.8;24000;Line 220;0;39.0153437635708
-23.706147534;-46.788642863;813.6;21000;Line 220;0;39.0153437635708
-23.685316109;-46.7698417;823.0;18000;Line 220;0;39.0153437635708
-23.664481991;-46.751046577;784.2;15000;Line 220;0;39.0153437635708
-23.643645186;-46.732257486;744.4;12000;Line 220;0;39.0153437635708
-23.622805702;-46.713474418;750.7;9000;Line 220;0;39.0153437635708
-23.601963545;-46.694697367;755.0;6000;Line 220;0;39.0153437635708
-23.581118722;-46.675926325;747.4;3000;Line 220;0;39.0153437635708
-23.873565795;-47.24205743;670.9;69000;Line 240;0;59.0034973616609
-23.85998725;-47.216580397;915.5;66000;Line 240;1;59.0034973616609
-23.846404071;-47.191108439;1008.8;63000;Line 240;1;59.0034973616609
-23.832816266;-47.165641554;900.0;60000;Line 240;0;59.0034973616609
-23.819223842;-47.140179743;799.9;57000;Line 240;0;59.0034973616609
-23.805626809;-47.114723005;912.6;54000;Line 240;0;59.0034973616609
-23.792025172;-47.089271342;908.0;51000;Line 240;0;59.0034973616609
-23.778418942;-47.063824753;971.7;48000;Line 240;1;59.0034973616609
-23.764808125;-47.038383239;920.4;45000;Line 240;0;59.0034973616609
-23.751192729;-47.012946799;934.5;42000;Line 240;0;59.0034973616609
-23.737572763;-46.987515433;980.3;39000;Line 240;0;59.0034973616609
-23.723948235;-46.962089142;938.3;36000;Line 240;0;59.0034973616609
-23.710319152;-46.936667926;927.9;33000;Line 240;0;59.0034973616609
-23.696685522;-46.911251784;850.1;30000;Line 240;0;59.0034973616609
-23.683047354;-46.885840718;844.4;27000;Line 240;0;59.0034973616609
-23.669404654;-46.860434726;819.4;24000;Line 240;0;59.0034973616609
-23.655757433;-46.835033809;810.4;21000;Line 240;0;59.0034973616609
-23.642105696;-46.809637967;780.7;18000;Line 240;0;59.0034973616609
-23.628449452;-46.784247201;782.6;15000;Line 240;0;59.0034973616609
-23.61478871;-46.758861509;744.8;12000;Line 240;0;59.0034973616609
-23.601123477;-46.733480892;752.0;9000;Line 240;0;59.0034973616609
-23.587453761;-46.708105351;790.5;6000;Line 240;0;59.0034973616609
-23.57377957;-46.682734885;737.7;3000;Line 240;0;59.0034973616609
-23.670287525;-47.322797564;911.1;69000;Line 260;0;78.9912294971225
-23.6655472;-47.293851354;866.9;66000;Line 260;0;78.9912294971225
-23.660801297;-47.264906757;872.6;63000;Line 260;0;78.9912294971225
-23.656049818;-47.235963781;897.9;60000;Line 260;0;78.9912294971225
-23.651292768;-47.207022434;852.6;57000;Line 260;0;78.9912294971225
-23.64653015;-47.178082723;894.9;54000;Line 260;0;78.9912294971225
-23.641761968;-47.149144657;850.9;51000;Line 260;0;78.9912294971225
-23.636988224;-47.120208243;877.6;48000;Line 260;0;78.9912294971225
-23.632208923;-47.091273489;905.1;45000;Line 260;0;78.9912294971225
-23.627424068;-47.062340403;878.5;42000;Line 260;0;78.9912294971225
-23.622633662;-47.033408993;912.8;39000;Line 260;0;78.9912294971225
-23.617837709;-47.004479267;931.2;36000;Line 260;0;78.9912294971225
-23.613036213;-46.975551233;916.7;33000;Line 260;0;78.9912294971225
-23.608229177;-46.946624898;927.9;30000;Line 260;0;78.9912294971225
-23.603416604;-46.917700271;790.8;27000;Line 260;0;78.9912294971225
-23.598598498;-46.888777358;806.8;24000;Line 260;0;78.9912294971225
-23.593774863;-46.859856169;768.2;21000;Line 260;0;78.9912294971225
-23.588945702;-46.830936711;822.7;18000;Line 260;0;78.9912294971225
-23.584111018;-46.802018991;819.4;15000;Line 260;0;78.9912294971225
-23.579270816;-46.773103017;760.5;12000;Line 260;0;78.9912294971225
-23.574425099;-46.744188798;766.3;9000;Line 260;0;78.9912294971225
-23.56957387;-46.715276341;729.5;6000;Line 260;0;78.9912294971225
-23.564717132;-46.686365654;749.8;3000;Line 260;0;78.9912294971225
-23.45385386;-47.323087641;601.3;69000;Line 280;0;98.9800186780442
-23.458509442;-47.294171647;674.8;66000;Line 280;0;98.9800186780442
-23.463159813;-47.265253144;780.2;63000;Line 280;0;98.9800186780442
-23.467804971;-47.23633214;765.2;60000;Line 280;0;98.9800186780442
-23.47244491;-47.207408642;805.9;57000;Line 280;0;98.9800186780442
-23.477079627;-47.178482658;772.7;54000;Line 280;0;98.9800186780442
-23.481709119;-47.149554196;770.8;51000;Line 280;0;98.9800186780442
-23.486333382;-47.120623263;914.1;48000;Line 280;0;98.9800186780442
-23.490952411;-47.091689868;812.1;45000;Line 280;0;98.9800186780442
-23.495566204;-47.062754017;823.8;42000;Line 280;0;98.9800186780442
-23.500174757;-47.033815718;922.8;39000;Line 280;0;98.9800186780442
-23.504778065;-47.00487498;950.2;36000;Line 280;0;98.9800186780442
-23.509376126;-46.97593181;837.4;33000;Line 280;0;98.9800186780442
-23.513968935;-46.946986215;809.8;30000;Line 280;0;98.9800186780442
-23.518556489;-46.918038204;750.7;27000;Line 280;0;98.9800186780442
-23.523138785;-46.889087785;741.9;24000;Line 280;0;98.9800186780442
-23.527715817;-46.860134964;724.0;21000;Line 280;0;98.9800186780442
-23.532287584;-46.83117975;771.1;18000;Line 280;0;98.9800186780442
-23.536854081;-46.80222215;759.2;15000;Line 280;0;98.9800186780442
-23.541415305;-46.773262173;734.0;12000;Line 280;0;98.9800186780442
-23.545971251;-46.744299826;767.1;9000;Line 280;0;98.9800186780442
-23.550521917;-46.715335116;726.5;6000;Line 280;0;98.9800186780442
-23.555067298;-46.686368053;770.8;3000;Line 280;0;98.9800186780442
-23.250341646;-47.243272282;603.9;69000;Line 300;0;118.971213104057
-23.263822176;-47.217850925;755.7;66000;Line 300;0;118.971213104057
-23.277298955;-47.1924242;754.0;63000;Line 300;0;118.971213104057
-23.290771975;-47.166992105;649.9;60000;Line 300;0;118.971213104057
-23.304241229;-47.141554642;619.2;57000;Line 300;0;118.971213104057
-23.317706708;-47.11611181;651.1;54000;Line 300;0;118.971213104057
-23.331168405;-47.090663608;756.5;51000;Line 300;0;118.971213104057
-23.34462631;-47.065210037;846.6;48000;Line 300;0;118.971213104057
-23.358080417;-47.039751096;651.7;45000;Line 300;0;118.971213104057
-23.371530716;-47.014286786;768.4;42000;Line 300;0;118.971213104057
-23.3849772;-46.988817106;771.5;39000;Line 300;0;118.971213104057
-23.398419861;-46.963342057;754.2;36000;Line 300;0;118.971213104057
-23.411858691;-46.937861637;707.5;33000;Line 300;0;118.971213104057
-23.425293681;-46.912375848;809.2;30000;Line 300;0;118.971213104057
-23.438724823;-46.88688469;874.4;27000;Line 300;0;118.971213104057
-23.45215211;-46.861388161;925.0;24000;Line 300;0;118.971213104057
-23.465575533;-46.835886262;786.2;21000;Line 300;0;118.971213104057
-23.478995083;-46.810378994;864.0;18000;Line 300;0;118.971213104057
-23.492410754;-46.784866355;762.9;15000;Line 300;0;118.971213104057
-23.505822537;-46.759348346;752.1;12000;Line 300;0;118.971213104057
-23.519230423;-46.733824968;725.2;9000;Line 300;0;118.971213104057
-23.532634405;-46.708296219;783.2;6000;Line 300;0;118.971213104057
-23.546034475;-46.6827621;827.2;3000;Line 300;0;118.971213104057
-23.084167428;-47.093243761;736.9;69000;Line 320;1;138.965877201147
-23.104849648;-47.074339943;766.0;66000;Line 320;1;138.965877201147
-23.12552997;-47.055430404;739.5;63000;Line 320;1;138.965877201147
-23.146208388;-47.036515138;694.8;60000;Line 320;0;138.965877201147
-23.166884895;-47.017594136;686.5;57000;Line 320;0;138.965877201147
-23.187559484;-46.998667391;720.8;54000;Line 320;0;138.965877201147
-23.208232148;-46.979734896;741.5;51000;Line 320;0;138.965877201147
-23.22890288;-46.960796641;1036.5;48000;Line 320;1;138.965877201147
-23.249571674;-46.94185262;1135.0;45000;Line 320;1;138.965877201147
-23.270238523;-46.922902825;951.8;42000;Line 320;0;138.965877201147
-23.290903419;-46.903947248;861.7;39000;Line 320;0;138.965877201147
-23.311566357;-46.884985881;927.5;36000;Line 320;0;138.965877201147
-23.332227328;-46.866018717;910.6;33000;Line 320;0;138.965877201147
-23.352886326;-46.847045748;732.7;30000;Line 320;0;138.965877201147
-23.373543345;-46.828066965;769.2;27000;Line 320;0;138.965877201147
-23.394198376;-46.809082363;793.0;24000;Line 320;0;138.965877201147
-23.414851415;-46.790091932;817.5;21000;Line 320;0;138.965877201147
-23.435502452;-46.771095665;791.6;18000;Line 320;0;138.965877201147
-23.456151482;-46.752093553;833.9;15000;Line 320;0;138.965877201147
-23.476798498;-46.733085591;749.5;12000;Line 320;0;138.965877201147
-23.497443493;-46.714071769;763.2;9000;Line 320;0;138.965877201147
-23.51808646;-46.695052079;729.8;6000;Line 320;0;138.965877201147
-23.538727391;-46.676026515;770.6;3000;Line 320;0;138.965877201147
-22.97520589;-46.891132119;755.2;69000;Line 340;1;158.96465432607
-23.000611543;-46.880982366;780.7;66000;Line 340;1;158.96465432607
-23.026016719;-46.870829127;787.3;63000;Line 340;1;158.96465432607
-23.051421417;-46.860672395;805.1;60000;Line 340;1;158.96465432607
-23.076825633;-46.850512161;798.1;57000;Line 340;1;158.96465432607
-23.102229366;-46.840348419;865.8;54000;Line 340;1;158.96465432607
-23.127632612;-46.83018116;811.9;51000;Line 340;1;158.96465432607
-23.153035369;-46.820010378;758.0;48000;Line 340;1;158.96465432607
-23.178437636;-46.809836063;766.4;45000;Line 340;1;158.96465432607
-23.203839408;-46.799658209;736.9;42000;Line 340;0;158.96465432607
-23.229240684;-46.789476808;798.3;39000;Line 340;1;158.96465432607
-23.254641462;-46.779291852;987.3;36000;Line 340;1;158.96465432607
-23.280041738;-46.769103334;874.6;33000;Line 340;1;158.96465432607
-23.30544151;-46.758911245;837.6;30000;Line 340;1;158.96465432607
-23.330840776;-46.748715578;743.0;27000;Line 340;0;158.96465432607
-23.356239534;-46.738516326;753.5;24000;Line 340;0;158.96465432607
-23.38163778;-46.72831348;793.1;21000;Line 340;0;158.96465432607
-23.407035513;-46.718107032;1054.4;18000;Line 340;1;158.96465432607
-23.432432729;-46.707896976;862.4;15000;Line 340;0;158.96465432607
-23.457829427;-46.697683303;845.5;12000;Line 340;0;158.96465432607
-23.483225603;-46.687466006;744.1;9000;Line 340;0;158.96465432607
-23.508621255;-46.677245076;728.6;6000;Line 340;0;158.96465432607
-23.534016382;-46.667020507;766.8;3000;Line 340;0;158.96465432607
